Frame,Label,Story,Kind,Section,SectionSource,LengthFt,LbPerFt,WeightSource,Lb
1,C1,Story10,Column,W14X38,steel design,12,38,nominal,456
2,C2,Story10,Column,W14X53,steel design,12,53,nominal,636
3,C3,Story10,Column,W14X53,steel design,12,53,nominal,636
4,C4,Story10,Column,W14X38,steel design,12,38,nominal,456
5,C5,Story10,Column,W14X43,steel design,12,43,nominal,516
6,C6,Story10,Column,W14X53,steel design,12,53,nominal,636
7,C7,Story10,Column,W14X53,steel design,12,53,nominal,636
8,C8,Story10,Column,W14X43,steel design,12,43,nominal,516
9,C9,Story10,Column,W14X43,steel design,12,43,nominal,516
10,C10,Story10,Column,W14X43,steel design,12,43,nominal,516
11,C11,Story10,Column,W14X43,steel design,12,43,nominal,516
12,C12,Story10,Column,W14X43,steel design,12,43,nominal,516
13,C13,Story10,Column,W14X43,steel design,12,43,nominal,516
14,C14,Story10,Column,W14X43,steel design,12,43,nominal,516
15,C15,Story10,Column,W14X43,steel design,12,43,nominal,516
16,C16,Story10,Column,W14X43,steel design,12,43,nominal,516
17,C17,Story10,Column,W14X43,steel design,12,43,nominal,516
18,C18,Story10,Column,W14X43,steel design,12,43,nominal,516
19,C19,Story10,Column,W14X43,steel design,12,43,nominal,516
20,C20,Story10,Column,W14X43,steel design,12,43,nominal,516
21,C21,Story10,Column,W14X43,steel design,12,43,nominal,516
22,C22,Story10,Column,W14X43,steel design,12,43,nominal,516
23,C23,Story10,Column,W14X43,steel design,12,43,nominal,516
24,C24,Story10,Column,W14X43,steel design,12,43,nominal,516
25,C25,Story10,Column,W14X43,steel design,12,43,nominal,516
26,C26,Story10,Column,W14X53,steel design,12,53,nominal,636
27,C27,Story10,Column,W14X53,steel design,12,53,nominal,636
28,C28,Story10,Column,W14X43,steel design,12,43,nominal,516
29,C29,Story10,Column,W14X38,steel design,12,38,nominal,456
30,C30,Story10,Column,W14X53,steel design,12,53,nominal,636
31,C31,Story10,Column,W14X53,steel design,12,53,nominal,636
32,C32,Story10,Column,W14X38,steel design,12,38,nominal,456
33,C1,Story9,Column,W14X43,steel design,12,43,nominal,516
34,C2,Story9,Column,W14X61,steel design,12,61,nominal,732
35,C3,Story9,Column,W14X61,steel design,12,61,nominal,732
36,C4,Story9,Column,W14X43,steel design,12,43,nominal,516
37,C5,Story9,Column,W14X61,steel design,12,61,nominal,732
38,C6,Story9,Column,W14X68,steel design,12,68,nominal,816
39,C7,Story9,Column,W14X68,steel design,12,68,nominal,816
40,C8,Story9,Column,W14X61,steel design,12,61,nominal,732
41,C9,Story9,Column,W14X48,steel design,12,48,nominal,576
42,C10,Story9,Column,W14X61,steel design,12,61,nominal,732
43,C11,Story9,Column,W14X61,steel design,12,61,nominal,732
44,C12,Story9,Column,W14X48,steel design,12,48,nominal,576
45,C13,Story9,Column,W14X48,steel design,12,48,nominal,576
46,C14,Story9,Column,W14X61,steel design,12,61,nominal,732
47,C15,Story9,Column,W14X61,steel design,12,61,nominal,732
48,C16,Story9,Column,W14X48,steel design,12,48,nominal,576
49,C17,Story9,Column,W14X48,steel design,12,48,nominal,576
50,C18,Story9,Column,W14X61,steel design,12,61,nominal,732
51,C19,Story9,Column,W14X61,steel design,12,61,nominal,732
52,C20,Story9,Column,W14X48,steel design,12,48,nominal,576
53,C21,Story9,Column,W14X48,steel design,12,48,nominal,576
54,C22,Story9,Column,W14X61,steel design,12,61,nominal,732
55,C23,Story9,Column,W14X61,steel design,12,61,nominal,732
56,C24,Story9,Column,W14X48,steel design,12,48,nominal,576
57,C25,Story9,Column,W14X61,steel design,12,61,nominal,732
58,C26,Story9,Column,W14X68,steel design,12,68,nominal,816
59,C27,Story9,Column,W14X68,steel design,12,68,nominal,816
60,C28,Story9,Column,W14X61,steel design,12,61,nominal,732
61,C29,Story9,Column,W14X43,steel design,12,43,nominal,516
62,C30,Story9,Column,W14X61,steel design,12,61,nominal,732
63,C31,Story9,Column,W14X61,steel design,12,61,nominal,732
64,C32,Story9,Column,W14X43,steel design,12,43,nominal,516
65,C1,Story8,Column,W14X48,steel design,12,48,nominal,576
66,C2,Story8,Column,W14X74,steel design,12,74,nominal,888
67,C3,Story8,Column,W14X74,steel design,12,74,nominal,888
68,C4,Story8,Column,W14X48,steel design,12,48,nominal,576
69,C5,Story8,Column,W14X61,steel design,12,61,nominal,732
70,C6,Story8,Column,W14X90,steel design,12,90,nominal,1080
71,C7,Story8,Column,W14X90,steel design,12,90,nominal,1080
72,C8,Story8,Column,W14X61,steel design,12,61,nominal,732
73,C9,Story8,Column,W14X61,steel design,12,61,nominal,732
74,C10,Story8,Column,W14X90,steel design,12,90,nominal,1080
75,C11,Story8,Column,W14X90,steel design,12,90,nominal,1080
76,C12,Story8,Column,W14X61,steel design,12,61,nominal,732
77,C13,Story8,Column,W14X61,steel design,12,61,nominal,732
78,C14,Story8,Column,W14X90,steel design,12,90,nominal,1080
79,C15,Story8,Column,W14X90,steel design,12,90,nominal,1080
80,C16,Story8,Column,W14X61,steel design,12,61,nominal,732
81,C17,Story8,Column,W14X61,steel design,12,61,nominal,732
82,C18,Story8,Column,W14X90,steel design,12,90,nominal,1080
83,C19,Story8,Column,W14X90,steel design,12,90,nominal,1080
84,C20,Story8,Column,W14X61,steel design,12,61,nominal,732
85,C21,Story8,Column,W14X61,steel design,12,61,nominal,732
86,C22,Story8,Column,W14X90,steel design,12,90,nominal,1080
87,C23,Story8,Column,W14X90,steel design,12,90,nominal,1080
88,C24,Story8,Column,W14X61,steel design,12,61,nominal,732
89,C25,Story8,Column,W14X61,steel design,12,61,nominal,732
90,C26,Story8,Column,W14X90,steel design,12,90,nominal,1080
91,C27,Story8,Column,W14X90,steel design,12,90,nominal,1080
92,C28,Story8,Column,W14X61,steel design,12,61,nominal,732
93,C29,Story8,Column,W14X48,steel design,12,48,nominal,576
94,C30,Story8,Column,W14X74,steel design,12,74,nominal,888
95,C31,Story8,Column,W14X74,steel design,12,74,nominal,888
96,C32,Story8,Column,W14X48,steel design,12,48,nominal,576
97,C1,Story7,Column,W14X61,steel design,12,61,nominal,732
98,C2,Story7,Column,W14X90,steel design,12,90,nominal,1080
99,C3,Story7,Column,W14X90,steel design,12,90,nominal,1080
100,C4,Story7,Column,W14X61,steel design,12,61,nominal,732
101,C5,Story7,Column,W14X74,steel design,12,74,nominal,888
102,C6,Story7,Column,W14X109,steel design,12,109,nominal,1308
103,C7,Story7,Column,W14X109,steel design,12,109,nominal,1308
104,C8,Story7,Column,W14X74,steel design,12,74,nominal,888
105,C9,Story7,Column,W14X74,steel design,12,74,nominal,888
106,C10,Story7,Column,W14X99,steel design,12,99,nominal,1188
107,C11,Story7,Column,W14X99,steel design,12,99,nominal,1188
108,C12,Story7,Column,W14X74,steel design,12,74,nominal,888
109,C13,Story7,Column,W14X74,steel design,12,74,nominal,888
110,C14,Story7,Column,W14X99,steel design,12,99,nominal,1188
111,C15,Story7,Column,W14X99,steel design,12,99,nominal,1188
112,C16,Story7,Column,W14X74,steel design,12,74,nominal,888
113,C17,Story7,Column,W14X74,steel design,12,74,nominal,888
114,C18,Story7,Column,W14X99,steel design,12,99,nominal,1188
115,C19,Story7,Column,W14X99,steel design,12,99,nominal,1188
116,C20,Story7,Column,W14X74,steel design,12,74,nominal,888
117,C21,Story7,Column,W14X74,steel design,12,74,nominal,888
118,C22,Story7,Column,W14X99,steel design,12,99,nominal,1188
119,C23,Story7,Column,W14X99,steel design,12,99,nominal,1188
120,C24,Story7,Column,W14X74,steel design,12,74,nominal,888
121,C25,Story7,Column,W14X74,steel design,12,74,nominal,888
122,C26,Story7,Column,W14X109,steel design,12,109,nominal,1308
123,C27,Story7,Column,W14X109,steel design,12,109,nominal,1308
124,C28,Story7,Column,W14X74,steel design,12,74,nominal,888
125,C29,Story7,Column,W14X61,steel design,12,61,nominal,732
126,C30,Story7,Column,W14X90,steel design,12,90,nominal,1080
127,C31,Story7,Column,W14X90,steel design,12,90,nominal,1080
128,C32,Story7,Column,W14X61,steel design,12,61,nominal,732
129,C1,Story6,Column,W14X61,steel design,12,61,nominal,732
130,C2,Story6,Column,W14X99,steel design,12,99,nominal,1188
131,C3,Story6,Column,W14X99,steel design,12,99,nominal,1188
132,C4,Story6,Column,W14X61,steel design,12,61,nominal,732
133,C5,Story6,Column,W14X90,steel design,12,90,nominal,1080
134,C6,Story6,Column,W14X132,steel design,12,132,nominal,1584
135,C7,Story6,Column,W14X132,steel design,12,132,nominal,1584
136,C8,Story6,Column,W14X90,steel design,12,90,nominal,1080
137,C9,Story6,Column,W14X90,steel design,12,90,nominal,1080
138,C10,Story6,Column,W14X132,steel design,12,132,nominal,1584
139,C11,Story6,Column,W14X132,steel design,12,132,nominal,1584
140,C12,Story6,Column,W14X90,steel design,12,90,nominal,1080
141,C13,Story6,Column,W14X90,steel design,12,90,nominal,1080
142,C14,Story6,Column,W14X132,steel design,12,132,nominal,1584
143,C15,Story6,Column,W14X132,steel design,12,132,nominal,1584
144,C16,Story6,Column,W14X90,steel design,12,90,nominal,1080
145,C17,Story6,Column,W14X90,steel design,12,90,nominal,1080
146,C18,Story6,Column,W14X132,steel design,12,132,nominal,1584
147,C19,Story6,Column,W14X132,steel design,12,132,nominal,1584
148,C20,Story6,Column,W14X90,steel design,12,90,nominal,1080
149,C21,Story6,Column,W14X90,steel design,12,90,nominal,1080
150,C22,Story6,Column,W14X132,steel design,12,132,nominal,1584
151,C23,Story6,Column,W14X132,steel design,12,132,nominal,1584
152,C24,Story6,Column,W14X90,steel design,12,90,nominal,1080
153,C25,Story6,Column,W14X90,steel design,12,90,nominal,1080
154,C26,Story6,Column,W14X132,steel design,12,132,nominal,1584
155,C27,Story6,Column,W14X132,steel design,12,132,nominal,1584
156,C28,Story6,Column,W14X90,steel design,12,90,nominal,1080
157,C29,Story6,Column,W14X61,steel design,12,61,nominal,732
158,C30,Story6,Column,W14X99,steel design,12,99,nominal,1188
159,C31,Story6,Column,W14X99,steel design,12,99,nominal,1188
160,C32,Story6,Column,W14X61,steel design,12,61,nominal,732
161,C1,Story5,Column,W14X68,steel design,12,68,nominal,816
162,C2,Story5,Column,W14X109,steel design,12,109,nominal,1308
163,C3,Story5,Column,W14X109,steel design,12,109,nominal,1308
164,C4,Story5,Column,W14X68,steel design,12,68,nominal,816
165,C5,Story5,Column,W14X99,steel design,12,99,nominal,1188
166,C6,Story5,Column,W14X145,steel design,12,145,nominal,1740
167,C7,Story5,Column,W14X145,steel design,12,145,nominal,1740
168,C8,Story5,Column,W14X99,steel design,12,99,nominal,1188
169,C9,Story5,Column,W14X99,steel design,12,99,nominal,1188
170,C10,Story5,Column,W14X145,steel design,12,145,nominal,1740
171,C11,Story5,Column,W14X145,steel design,12,145,nominal,1740
172,C12,Story5,Column,W14X99,steel design,12,99,nominal,1188
173,C13,Story5,Column,W14X99,steel design,12,99,nominal,1188
174,C14,Story5,Column,W14X145,steel design,12,145,nominal,1740
175,C15,Story5,Column,W14X145,steel design,12,145,nominal,1740
176,C16,Story5,Column,W14X99,steel design,12,99,nominal,1188
177,C17,Story5,Column,W14X99,steel design,12,99,nominal,1188
178,C18,Story5,Column,W14X145,steel design,12,145,nominal,1740
179,C19,Story5,Column,W14X145,steel design,12,145,nominal,1740
180,C20,Story5,Column,W14X99,steel design,12,99,nominal,1188
181,C21,Story5,Column,W14X99,steel design,12,99,nominal,1188
182,C22,Story5,Column,W14X145,steel design,12,145,nominal,1740
183,C23,Story5,Column,W14X145,steel design,12,145,nominal,1740
184,C24,Story5,Column,W14X99,steel design,12,99,nominal,1188
185,C25,Story5,Column,W14X99,steel design,12,99,nominal,1188
186,C26,Story5,Column,W14X145,steel design,12,145,nominal,1740
187,C27,Story5,Column,W14X145,steel design,12,145,nominal,1740
188,C28,Story5,Column,W14X99,steel design,12,99,nominal,1188
189,C29,Story5,Column,W14X68,steel design,12,68,nominal,816
190,C30,Story5,Column,W14X109,steel design,12,109,nominal,1308
191,C31,Story5,Column,W14X109,steel design,12,109,nominal,1308
192,C32,Story5,Column,W14X68,steel design,12,68,nominal,816
193,C1,Story4,Column,W14X74,steel design,12,74,nominal,888
194,C2,Story4,Column,W14X132,steel design,12,132,nominal,1584
195,C3,Story4,Column,W14X132,steel design,12,132,nominal,1584
196,C4,Story4,Column,W14X74,steel design,12,74,nominal,888
197,C5,Story4,Column,W14X109,steel design,12,109,nominal,1308
198,C6,Story4,Column,W14X176,steel design,12,176,nominal,2112
199,C7,Story4,Column,W14X176,steel design,12,176,nominal,2112
200,C8,Story4,Column,W14X109,steel design,12,109,nominal,1308
201,C9,Story4,Column,W14X109,steel design,12,109,nominal,1308
202,C10,Story4,Column,W14X176,steel design,12,176,nominal,2112
203,C11,Story4,Column,W14X176,steel design,12,176,nominal,2112
204,C12,Story4,Column,W14X109,steel design,12,109,nominal,1308
205,C13,Story4,Column,W14X109,steel design,12,109,nominal,1308
206,C14,Story4,Column,W14X176,steel design,12,176,nominal,2112
207,C15,Story4,Column,W14X176,steel design,12,176,nominal,2112
208,C16,Story4,Column,W14X109,steel design,12,109,nominal,1308
209,C17,Story4,Column,W14X109,steel design,12,109,nominal,1308
210,C18,Story4,Column,W14X176,steel design,12,176,nominal,2112
211,C19,Story4,Column,W14X176,steel design,12,176,nominal,2112
212,C20,Story4,Column,W14X109,steel design,12,109,nominal,1308
213,C21,Story4,Column,W14X109,steel design,12,109,nominal,1308
214,C22,Story4,Column,W14X176,steel design,12,176,nominal,2112
215,C23,Story4,Column,W14X176,steel design,12,176,nominal,2112
216,C24,Story4,Column,W14X109,steel design,12,109,nominal,1308
217,C25,Story4,Column,W14X109,steel design,12,109,nominal,1308
218,C26,Story4,Column,W14X176,steel design,12,176,nominal,2112
219,C27,Story4,Column,W14X176,steel design,12,176,nominal,2112
220,C28,Story4,Column,W14X109,steel design,12,109,nominal,1308
221,C29,Story4,Column,W14X74,steel design,12,74,nominal,888
222,C30,Story4,Column,W14X132,steel design,12,132,nominal,1584
223,C31,Story4,Column,W14X132,steel design,12,132,nominal,1584
224,C32,Story4,Column,W14X74,steel design,12,74,nominal,888
225,C1,Story3,Column,W14X82,steel design,12,82,nominal,984
226,C2,Story3,Column,W14X145,steel design,12,145,nominal,1740
227,C3,Story3,Column,W14X145,steel design,12,145,nominal,1740
228,C4,Story3,Column,W14X82,steel design,12,82,nominal,984
229,C5,Story3,Column,W14X109,steel design,12,109,nominal,1308
230,C6,Story3,Column,W14X193,steel design,12,193,nominal,2316
231,C7,Story3,Column,W14X193,steel design,12,193,nominal,2316
232,C8,Story3,Column,W14X109,steel design,12,109,nominal,1308
233,C9,Story3,Column,W14X120,steel design,12,120,nominal,1440
234,C10,Story3,Column,W14X193,steel design,12,193,nominal,2316
235,C11,Story3,Column,W14X193,steel design,12,193,nominal,2316
236,C12,Story3,Column,W14X120,steel design,12,120,nominal,1440
237,C13,Story3,Column,W14X120,steel design,12,120,nominal,1440
238,C14,Story3,Column,W14X193,steel design,12,193,nominal,2316
239,C15,Story3,Column,W14X193,steel design,12,193,nominal,2316
240,C16,Story3,Column,W14X120,steel design,12,120,nominal,1440
241,C17,Story3,Column,W14X120,steel design,12,120,nominal,1440
242,C18,Story3,Column,W14X193,steel design,12,193,nominal,2316
243,C19,Story3,Column,W14X193,steel design,12,193,nominal,2316
244,C20,Story3,Column,W14X120,steel design,12,120,nominal,1440
245,C21,Story3,Column,W14X120,steel design,12,120,nominal,1440
246,C22,Story3,Column,W14X193,steel design,12,193,nominal,2316
247,C23,Story3,Column,W14X193,steel design,12,193,nominal,2316
248,C24,Story3,Column,W14X120,steel design,12,120,nominal,1440
249,C25,Story3,Column,W14X109,steel design,12,109,nominal,1308
250,C26,Story3,Column,W14X193,steel design,12,193,nominal,2316
251,C27,Story3,Column,W14X193,steel design,12,193,nominal,2316
252,C28,Story3,Column,W14X109,steel design,12,109,nominal,1308
253,C29,Story3,Column,W14X82,steel design,12,82,nominal,984
254,C30,Story3,Column,W14X145,steel design,12,145,nominal,1740
255,C31,Story3,Column,W14X145,steel design,12,145,nominal,1740
256,C32,Story3,Column,W14X82,steel design,12,82,nominal,984
257,C1,Story2,Column,W14X90,steel design,12,90,nominal,1080
258,C2,Story2,Column,W14X159,steel design,12,159,nominal,1908
259,C3,Story2,Column,W14X159,steel design,12,159,nominal,1908
260,C4,Story2,Column,W14X90,steel design,12,90,nominal,1080
261,C5,Story2,Column,W14X132,steel design,12,132,nominal,1584
262,C6,Story2,Column,W14X233,steel design,12,233,nominal,2796
263,C7,Story2,Column,W14X233,steel design,12,233,nominal,2796
264,C8,Story2,Column,W14X132,steel design,12,132,nominal,1584
265,C9,Story2,Column,W14X132,steel design,12,132,nominal,1584
266,C10,Story2,Column,W14X233,steel design,12,233,nominal,2796
267,C11,Story2,Column,W14X233,steel design,12,233,nominal,2796
268,C12,Story2,Column,W14X132,steel design,12,132,nominal,1584
269,C13,Story2,Column,W14X132,steel design,12,132,nominal,1584
270,C14,Story2,Column,W14X233,steel design,12,233,nominal,2796
271,C15,Story2,Column,W14X233,steel design,12,233,nominal,2796
272,C16,Story2,Column,W14X132,steel design,12,132,nominal,1584
273,C17,Story2,Column,W14X132,steel design,12,132,nominal,1584
274,C18,Story2,Column,W14X233,steel design,12,233,nominal,2796
275,C19,Story2,Column,W14X233,steel design,12,233,nominal,2796
276,C20,Story2,Column,W14X132,steel design,12,132,nominal,1584
277,C21,Story2,Column,W14X132,steel design,12,132,nominal,1584
278,C22,Story2,Column,W14X233,steel design,12,233,nominal,2796
279,C23,Story2,Column,W14X233,steel design,12,233,nominal,2796
280,C24,Story2,Column,W14X132,steel design,12,132,nominal,1584
281,C25,Story2,Column,W14X132,steel design,12,132,nominal,1584
282,C26,Story2,Column,W14X233,steel design,12,233,nominal,2796
283,C27,Story2,Column,W14X233,steel design,12,233,nominal,2796
284,C28,Story2,Column,W14X132,steel design,12,132,nominal,1584
285,C29,Story2,Column,W14X90,steel design,12,90,nominal,1080
286,C30,Story2,Column,W14X159,steel design,12,159,nominal,1908
287,C31,Story2,Column,W14X159,steel design,12,159,nominal,1908
288,C32,Story2,Column,W14X90,steel design,12,90,nominal,1080
289,C1,Story1,Column,W14X82,steel design,12,82,nominal,984
290,C2,Story1,Column,W14X145,steel design,12,145,nominal,1740
291,C3,Story1,Column,W14X145,steel design,12,145,nominal,1740
292,C4,Story1,Column,W14X82,steel design,12,82,nominal,984
293,C5,Story1,Column,W14X109,steel design,12,109,nominal,1308
294,C6,Story1,Column,W14X211,steel design,12,211,nominal,2532
295,C7,Story1,Column,W14X211,steel design,12,211,nominal,2532
296,C8,Story1,Column,W14X109,steel design,12,109,nominal,1308
297,C9,Story1,Column,W14X109,steel design,12,109,nominal,1308
298,C10,Story1,Column,W14X233,steel design,12,233,nominal,2796
299,C11,Story1,Column,W14X233,steel design,12,233,nominal,2796
300,C12,Story1,Column,W14X109,steel design,12,109,nominal,1308
301,C13,Story1,Column,W14X109,steel design,12,109,nominal,1308
302,C14,Story1,Column,W14X211,steel design,12,211,nominal,2532
303,C15,Story1,Column,W14X211,steel design,12,211,nominal,2532
304,C16,Story1,Column,W14X109,steel design,12,109,nominal,1308
305,C17,Story1,Column,W14X109,steel design,12,109,nominal,1308
306,C18,Story1,Column,W14X211,steel design,12,211,nominal,2532
307,C19,Story1,Column,W14X211,steel design,12,211,nominal,2532
308,C20,Story1,Column,W14X109,steel design,12,109,nominal,1308
309,C21,Story1,Column,W14X109,steel design,12,109,nominal,1308
310,C22,Story1,Column,W14X233,steel design,12,233,nominal,2796
311,C23,Story1,Column,W14X233,steel design,12,233,nominal,2796
312,C24,Story1,Column,W14X109,steel design,12,109,nominal,1308
313,C25,Story1,Column,W14X109,steel design,12,109,nominal,1308
314,C26,Story1,Column,W14X211,steel design,12,211,nominal,2532
315,C27,Story1,Column,W14X211,steel design,12,211,nominal,2532
316,C28,Story1,Column,W14X109,steel design,12,109,nominal,1308
317,C29,Story1,Column,W14X82,steel design,12,82,nominal,984
318,C30,Story1,Column,W14X145,steel design,12,145,nominal,1740
319,C31,Story1,Column,W14X145,steel design,12,145,nominal,1740
320,C32,Story1,Column,W14X82,steel design,12,82,nominal,984
321,B43,Story10,Beam,W24X62,steel design,24,62,nominal,1488
322,B44,Story10,Beam,W24X62,steel design,24,62,nominal,1488
323,B45,Story10,Beam,W24X62,steel design,24,62,nominal,1488
324,B46,Story10,Beam,W24X62,steel design,24,62,nominal,1488
325,B47,Story10,Beam,W24X62,steel design,24,62,nominal,1488
326,B48,Story10,Beam,W24X62,steel design,24,62,nominal,1488
327,B49,Story10,Beam,W24X62,steel design,24,62,nominal,1488
328,B50,Story10,Beam,W24X68,steel design,24,68,nominal,1632
329,B51,Story10,Beam,W24X68,steel design,24,68,nominal,1632
330,B52,Story10,Beam,W24X68,steel design,24,68,nominal,1632
331,B53,Story10,Beam,W24X68,steel design,24,68,nominal,1632
332,B54,Story10,Beam,W24X68,steel design,24,68,nominal,1632
333,B55,Story10,Beam,W24X68,steel design,24,68,nominal,1632
334,B56,Story10,Beam,W24X68,steel design,24,68,nominal,1632
335,B57,Story10,Beam,W24X68,steel design,24,68,nominal,1632
336,B58,Story10,Beam,W24X68,steel design,24,68,nominal,1632
337,B59,Story10,Beam,W24X68,steel design,24,68,nominal,1632
338,B60,Story10,Beam,W24X68,steel design,24,68,nominal,1632
339,B61,Story10,Beam,W24X68,steel design,24,68,nominal,1632
340,B62,Story10,Beam,W24X68,steel design,24,68,nominal,1632
341,B63,Story10,Beam,W24X68,steel design,24,68,nominal,1632
342,B64,Story10,Beam,W24X62,steel design,24,62,nominal,1488
343,B65,Story10,Beam,W24X62,steel design,24,62,nominal,1488
344,B66,Story10,Beam,W24X62,steel design,24,62,nominal,1488
345,B67,Story10,Beam,W24X62,steel design,24,62,nominal,1488
346,B68,Story10,Beam,W24X62,steel design,24,62,nominal,1488
347,B69,Story10,Beam,W24X62,steel design,24,62,nominal,1488
348,B70,Story10,Beam,W24X62,steel design,24,62,nominal,1488
349,B71,Story10,Beam,W24X55,steel design,24,55,nominal,1320
350,B72,Story10,Beam,W24X55,steel design,24,55,nominal,1320
351,B73,Story10,Beam,W24X55,steel design,24,55,nominal,1320
352,B74,Story10,Beam,W24X62,steel design,24,62,nominal,1488
353,B75,Story10,Beam,W24X62,steel design,24,62,nominal,1488
354,B76,Story10,Beam,W24X62,steel design,24,62,nominal,1488
355,B77,Story10,Beam,W24X62,steel design,24,62,nominal,1488
356,B78,Story10,Beam,W24X55,steel design,24,55,nominal,1320
357,B79,Story10,Beam,W24X62,steel design,24,62,nominal,1488
358,B80,Story10,Beam,W24X62,steel design,24,62,nominal,1488
359,B81,Story10,Beam,W24X55,steel design,24,55,nominal,1320
360,B82,Story10,Beam,W24X62,steel design,24,62,nominal,1488
361,B83,Story10,Beam,W24X62,steel design,24,62,nominal,1488
362,B84,Story10,Beam,W24X55,steel design,24,55,nominal,1320
363,B85,Story10,Beam,W24X62,steel design,24,62,nominal,1488
364,B86,Story10,Beam,W24X62,steel design,24,62,nominal,1488
365,B87,Story10,Beam,W24X55,steel design,24,55,nominal,1320
366,B88,Story10,Beam,W24X62,steel design,24,62,nominal,1488
367,B89,Story10,Beam,W24X62,steel design,24,62,nominal,1488
368,B90,Story10,Beam,W24X62,steel design,24,62,nominal,1488
369,B91,Story10,Beam,W24X62,steel design,24,62,nominal,1488
370,B92,Story10,Beam,W24X55,steel design,24,55,nominal,1320
371,B93,Story10,Beam,W24X55,steel design,24,55,nominal,1320
372,B94,Story10,Beam,W24X55,steel design,24,55,nominal,1320
373,B43,Story9,Beam,W24X62,steel design,24,62,nominal,1488
374,B44,Story9,Beam,W24X62,steel design,24,62,nominal,1488
375,B45,Story9,Beam,W24X62,steel design,24,62,nominal,1488
376,B46,Story9,Beam,W24X62,steel design,24,62,nominal,1488
377,B47,Story9,Beam,W24X62,steel design,24,62,nominal,1488
378,B48,Story9,Beam,W24X62,steel design,24,62,nominal,1488
379,B49,Story9,Beam,W24X62,steel design,24,62,nominal,1488
380,B50,Story9,Beam,W24X68,steel design,24,68,nominal,1632
381,B51,Story9,Beam,W24X68,steel design,24,68,nominal,1632
382,B52,Story9,Beam,W24X68,steel design,24,68,nominal,1632
383,B53,Story9,Beam,W24X68,steel design,24,68,nominal,1632
384,B54,Story9,Beam,W24X68,steel design,24,68,nominal,1632
385,B55,Story9,Beam,W24X68,steel design,24,68,nominal,1632
386,B56,Story9,Beam,W24X68,steel design,24,68,nominal,1632
387,B57,Story9,Beam,W24X68,steel design,24,68,nominal,1632
388,B58,Story9,Beam,W24X68,steel design,24,68,nominal,1632
389,B59,Story9,Beam,W24X68,steel design,24,68,nominal,1632
390,B60,Story9,Beam,W24X68,steel design,24,68,nominal,1632
391,B61,Story9,Beam,W24X68,steel design,24,68,nominal,1632
392,B62,Story9,Beam,W24X68,steel design,24,68,nominal,1632
393,B63,Story9,Beam,W24X68,steel design,24,68,nominal,1632
394,B64,Story9,Beam,W24X62,steel design,24,62,nominal,1488
395,B65,Story9,Beam,W24X62,steel design,24,62,nominal,1488
396,B66,Story9,Beam,W24X62,steel design,24,62,nominal,1488
397,B67,Story9,Beam,W24X62,steel design,24,62,nominal,1488
398,B68,Story9,Beam,W24X62,steel design,24,62,nominal,1488
399,B69,Story9,Beam,W24X62,steel design,24,62,nominal,1488
400,B70,Story9,Beam,W24X62,steel design,24,62,nominal,1488
401,B71,Story9,Beam,W24X55,steel design,24,55,nominal,1320
402,B72,Story9,Beam,W24X55,steel design,24,55,nominal,1320
403,B73,Story9,Beam,W24X55,steel design,24,55,nominal,1320
404,B74,Story9,Beam,W24X55,steel design,24,55,nominal,1320
405,B75,Story9,Beam,W24X62,steel design,24,62,nominal,1488
406,B76,Story9,Beam,W24X55,steel design,24,55,nominal,1320
407,B77,Story9,Beam,W24X55,steel design,24,55,nominal,1320
408,B78,Story9,Beam,W24X62,steel design,24,62,nominal,1488
409,B79,Story9,Beam,W24X55,steel design,24,55,nominal,1320
410,B80,Story9,Beam,W24X55,steel design,24,55,nominal,1320
411,B81,Story9,Beam,W24X62,steel design,24,62,nominal,1488
412,B82,Story9,Beam,W24X55,steel design,24,55,nominal,1320
413,B83,Story9,Beam,W24X55,steel design,24,55,nominal,1320
414,B84,Story9,Beam,W24X62,steel design,24,62,nominal,1488
415,B85,Story9,Beam,W24X55,steel design,24,55,nominal,1320
416,B86,Story9,Beam,W24X55,steel design,24,55,nominal,1320
417,B87,Story9,Beam,W24X62,steel design,24,62,nominal,1488
418,B88,Story9,Beam,W24X55,steel design,24,55,nominal,1320
419,B89,Story9,Beam,W24X55,steel design,24,55,nominal,1320
420,B90,Story9,Beam,W24X62,steel design,24,62,nominal,1488
421,B91,Story9,Beam,W24X55,steel design,24,55,nominal,1320
422,B92,Story9,Beam,W24X55,steel design,24,55,nominal,1320
423,B93,Story9,Beam,W24X55,steel design,24,55,nominal,1320
424,B94,Story9,Beam,W24X55,steel design,24,55,nominal,1320
425,B43,Story8,Beam,W24X62,steel design,24,62,nominal,1488
426,B44,Story8,Beam,W24X62,steel design,24,62,nominal,1488
427,B45,Story8,Beam,W24X62,steel design,24,62,nominal,1488
428,B46,Story8,Beam,W24X62,steel design,24,62,nominal,1488
429,B47,Story8,Beam,W24X62,steel design,24,62,nominal,1488
430,B48,Story8,Beam,W24X62,steel design,24,62,nominal,1488
431,B49,Story8,Beam,W24X62,steel design,24,62,nominal,1488
432,B50,Story8,Beam,W24X68,steel design,24,68,nominal,1632
433,B51,Story8,Beam,W24X68,steel design,24,68,nominal,1632
434,B52,Story8,Beam,W24X68,steel design,24,68,nominal,1632
435,B53,Story8,Beam,W24X68,steel design,24,68,nominal,1632
436,B54,Story8,Beam,W24X68,steel design,24,68,nominal,1632
437,B55,Story8,Beam,W24X68,steel design,24,68,nominal,1632
438,B56,Story8,Beam,W24X68,steel design,24,68,nominal,1632
439,B57,Story8,Beam,W24X68,steel design,24,68,nominal,1632
440,B58,Story8,Beam,W24X68,steel design,24,68,nominal,1632
441,B59,Story8,Beam,W24X68,steel design,24,68,nominal,1632
442,B60,Story8,Beam,W24X68,steel design,24,68,nominal,1632
443,B61,Story8,Beam,W24X68,steel design,24,68,nominal,1632
444,B62,Story8,Beam,W24X68,steel design,24,68,nominal,1632
445,B63,Story8,Beam,W24X68,steel design,24,68,nominal,1632
446,B64,Story8,Beam,W24X62,steel design,24,62,nominal,1488
447,B65,Story8,Beam,W24X62,steel design,24,62,nominal,1488
448,B66,Story8,Beam,W24X62,steel design,24,62,nominal,1488
449,B67,Story8,Beam,W24X62,steel design,24,62,nominal,1488
450,B68,Story8,Beam,W24X62,steel design,24,62,nominal,1488
451,B69,Story8,Beam,W24X62,steel design,24,62,nominal,1488
452,B70,Story8,Beam,W24X62,steel design,24,62,nominal,1488
453,B71,Story8,Beam,W24X55,steel design,24,55,nominal,1320
454,B72,Story8,Beam,W24X55,steel design,24,55,nominal,1320
455,B73,Story8,Beam,W24X55,steel design,24,55,nominal,1320
456,B74,Story8,Beam,W24X55,steel design,24,55,nominal,1320
457,B75,Story8,Beam,W24X62,steel design,24,62,nominal,1488
458,B76,Story8,Beam,W24X55,steel design,24,55,nominal,1320
459,B77,Story8,Beam,W24X55,steel design,24,55,nominal,1320
460,B78,Story8,Beam,W24X62,steel design,24,62,nominal,1488
461,B79,Story8,Beam,W24X55,steel design,24,55,nominal,1320
462,B80,Story8,Beam,W24X55,steel design,24,55,nominal,1320
463,B81,Story8,Beam,W24X62,steel design,24,62,nominal,1488
464,B82,Story8,Beam,W24X55,steel design,24,55,nominal,1320
465,B83,Story8,Beam,W24X55,steel design,24,55,nominal,1320
466,B84,Story8,Beam,W24X62,steel design,24,62,nominal,1488
467,B85,Story8,Beam,W24X55,steel design,24,55,nominal,1320
468,B86,Story8,Beam,W24X55,steel design,24,55,nominal,1320
469,B87,Story8,Beam,W24X62,steel design,24,62,nominal,1488
470,B88,Story8,Beam,W24X55,steel design,24,55,nominal,1320
471,B89,Story8,Beam,W24X55,steel design,24,55,nominal,1320
472,B90,Story8,Beam,W24X62,steel design,24,62,nominal,1488
473,B91,Story8,Beam,W24X55,steel design,24,55,nominal,1320
474,B92,Story8,Beam,W24X55,steel design,24,55,nominal,1320
475,B93,Story8,Beam,W24X55,steel design,24,55,nominal,1320
476,B94,Story8,Beam,W24X55,steel design,24,55,nominal,1320
477,B43,Story7,Beam,W24X62,steel design,24,62,nominal,1488
478,B44,Story7,Beam,W24X62,steel design,24,62,nominal,1488
479,B45,Story7,Beam,W24X62,steel design,24,62,nominal,1488
480,B46,Story7,Beam,W24X62,steel design,24,62,nominal,1488
481,B47,Story7,Beam,W24X62,steel design,24,62,nominal,1488
482,B48,Story7,Beam,W24X62,steel design,24,62,nominal,1488
483,B49,Story7,Beam,W24X62,steel design,24,62,nominal,1488
484,B50,Story7,Beam,W24X68,steel design,24,68,nominal,1632
485,B51,Story7,Beam,W24X68,steel design,24,68,nominal,1632
486,B52,Story7,Beam,W24X68,steel design,24,68,nominal,1632
487,B53,Story7,Beam,W24X68,steel design,24,68,nominal,1632
488,B54,Story7,Beam,W24X68,steel design,24,68,nominal,1632
489,B55,Story7,Beam,W24X68,steel design,24,68,nominal,1632
490,B56,Story7,Beam,W24X68,steel design,24,68,nominal,1632
491,B57,Story7,Beam,W24X68,steel design,24,68,nominal,1632
492,B58,Story7,Beam,W24X68,steel design,24,68,nominal,1632
493,B59,Story7,Beam,W24X68,steel design,24,68,nominal,1632
494,B60,Story7,Beam,W24X68,steel design,24,68,nominal,1632
495,B61,Story7,Beam,W24X68,steel design,24,68,nominal,1632
496,B62,Story7,Beam,W24X68,steel design,24,68,nominal,1632
497,B63,Story7,Beam,W24X68,steel design,24,68,nominal,1632
498,B64,Story7,Beam,W24X62,steel design,24,62,nominal,1488
499,B65,Story7,Beam,W24X62,steel design,24,62,nominal,1488
500,B66,Story7,Beam,W24X62,steel design,24,62,nominal,1488
501,B67,Story7,Beam,W24X62,steel design,24,62,nominal,1488
502,B68,Story7,Beam,W24X62,steel design,24,62,nominal,1488
503,B69,Story7,Beam,W24X62,steel design,24,62,nominal,1488
504,B70,Story7,Beam,W24X62,steel design,24,62,nominal,1488
505,B71,Story7,Beam,W24X55,steel design,24,55,nominal,1320
506,B72,Story7,Beam,W24X55,steel design,24,55,nominal,1320
507,B73,Story7,Beam,W24X55,steel design,24,55,nominal,1320
508,B74,Story7,Beam,W24X55,steel design,24,55,nominal,1320
509,B75,Story7,Beam,W24X68,steel design,24,68,nominal,1632
510,B76,Story7,Beam,W24X55,steel design,24,55,nominal,1320
511,B77,Story7,Beam,W24X55,steel design,24,55,nominal,1320
512,B78,Story7,Beam,W24X62,steel design,24,62,nominal,1488
513,B79,Story7,Beam,W24X55,steel design,24,55,nominal,1320
514,B80,Story7,Beam,W24X55,steel design,24,55,nominal,1320
515,B81,Story7,Beam,W24X62,steel design,24,62,nominal,1488
516,B82,Story7,Beam,W24X55,steel design,24,55,nominal,1320
517,B83,Story7,Beam,W24X55,steel design,24,55,nominal,1320
518,B84,Story7,Beam,W24X62,steel design,24,62,nominal,1488
519,B85,Story7,Beam,W24X55,steel design,24,55,nominal,1320
520,B86,Story7,Beam,W24X55,steel design,24,55,nominal,1320
521,B87,Story7,Beam,W24X62,steel design,24,62,nominal,1488
522,B88,Story7,Beam,W24X55,steel design,24,55,nominal,1320
523,B89,Story7,Beam,W24X55,steel design,24,55,nominal,1320
524,B90,Story7,Beam,W24X68,steel design,24,68,nominal,1632
525,B91,Story7,Beam,W24X55,steel design,24,55,nominal,1320
526,B92,Story7,Beam,W24X55,steel design,24,55,nominal,1320
527,B93,Story7,Beam,W24X55,steel design,24,55,nominal,1320
528,B94,Story7,Beam,W24X55,steel design,24,55,nominal,1320
529,B43,Story6,Beam,W24X62,steel design,24,62,nominal,1488
530,B44,Story6,Beam,W24X62,steel design,24,62,nominal,1488
531,B45,Story6,Beam,W24X62,steel design,24,62,nominal,1488
532,B46,Story6,Beam,W24X62,steel design,24,62,nominal,1488
533,B47,Story6,Beam,W24X62,steel design,24,62,nominal,1488
534,B48,Story6,Beam,W24X62,steel design,24,62,nominal,1488
535,B49,Story6,Beam,W24X62,steel design,24,62,nominal,1488
536,B50,Story6,Beam,W24X68,steel design,24,68,nominal,1632
537,B51,Story6,Beam,W24X68,steel design,24,68,nominal,1632
538,B52,Story6,Beam,W24X68,steel design,24,68,nominal,1632
539,B53,Story6,Beam,W24X68,steel design,24,68,nominal,1632
540,B54,Story6,Beam,W24X68,steel design,24,68,nominal,1632
541,B55,Story6,Beam,W24X68,steel design,24,68,nominal,1632
542,B56,Story6,Beam,W24X68,steel design,24,68,nominal,1632
543,B57,Story6,Beam,W24X68,steel design,24,68,nominal,1632
544,B58,Story6,Beam,W24X68,steel design,24,68,nominal,1632
545,B59,Story6,Beam,W24X68,steel design,24,68,nominal,1632
546,B60,Story6,Beam,W24X68,steel design,24,68,nominal,1632
547,B61,Story6,Beam,W24X68,steel design,24,68,nominal,1632
548,B62,Story6,Beam,W24X68,steel design,24,68,nominal,1632
549,B63,Story6,Beam,W24X68,steel design,24,68,nominal,1632
550,B64,Story6,Beam,W24X62,steel design,24,62,nominal,1488
551,B65,Story6,Beam,W24X62,steel design,24,62,nominal,1488
552,B66,Story6,Beam,W24X62,steel design,24,62,nominal,1488
553,B67,Story6,Beam,W24X62,steel design,24,62,nominal,1488
554,B68,Story6,Beam,W24X62,steel design,24,62,nominal,1488
555,B69,Story6,Beam,W24X62,steel design,24,62,nominal,1488
556,B70,Story6,Beam,W24X62,steel design,24,62,nominal,1488
557,B71,Story6,Beam,W24X55,steel design,24,55,nominal,1320
558,B72,Story6,Beam,W24X55,steel design,24,55,nominal,1320
559,B73,Story6,Beam,W24X55,steel design,24,55,nominal,1320
560,B74,Story6,Beam,W24X55,steel design,24,55,nominal,1320
561,B75,Story6,Beam,W24X68,steel design,24,68,nominal,1632
562,B76,Story6,Beam,W24X55,steel design,24,55,nominal,1320
563,B77,Story6,Beam,W24X55,steel design,24,55,nominal,1320
564,B78,Story6,Beam,W24X68,steel design,24,68,nominal,1632
565,B79,Story6,Beam,W24X55,steel design,24,55,nominal,1320
566,B80,Story6,Beam,W24X55,steel design,24,55,nominal,1320
567,B81,Story6,Beam,W24X68,steel design,24,68,nominal,1632
568,B82,Story6,Beam,W24X55,steel design,24,55,nominal,1320
569,B83,Story6,Beam,W24X55,steel design,24,55,nominal,1320
570,B84,Story6,Beam,W24X68,steel design,24,68,nominal,1632
571,B85,Story6,Beam,W24X55,steel design,24,55,nominal,1320
572,B86,Story6,Beam,W24X55,steel design,24,55,nominal,1320
573,B87,Story6,Beam,W24X68,steel design,24,68,nominal,1632
574,B88,Story6,Beam,W24X55,steel design,24,55,nominal,1320
575,B89,Story6,Beam,W24X55,steel design,24,55,nominal,1320
576,B90,Story6,Beam,W24X68,steel design,24,68,nominal,1632
577,B91,Story6,Beam,W24X55,steel design,24,55,nominal,1320
578,B92,Story6,Beam,W24X55,steel design,24,55,nominal,1320
579,B93,Story6,Beam,W24X55,steel design,24,55,nominal,1320
580,B94,Story6,Beam,W24X55,steel design,24,55,nominal,1320
581,B43,Story5,Beam,W24X68,steel design,24,68,nominal,1632
582,B44,Story5,Beam,W24X68,steel design,24,68,nominal,1632
583,B45,Story5,Beam,W24X68,steel design,24,68,nominal,1632
584,B46,Story5,Beam,W24X68,steel design,24,68,nominal,1632
585,B47,Story5,Beam,W24X68,steel design,24,68,nominal,1632
586,B48,Story5,Beam,W24X68,steel design,24,68,nominal,1632
587,B49,Story5,Beam,W24X68,steel design,24,68,nominal,1632
588,B50,Story5,Beam,W24X76,steel design,24,76,nominal,1824
589,B51,Story5,Beam,W24X76,steel design,24,76,nominal,1824
590,B52,Story5,Beam,W24X76,steel design,24,76,nominal,1824
591,B53,Story5,Beam,W24X76,steel design,24,76,nominal,1824
592,B54,Story5,Beam,W24X76,steel design,24,76,nominal,1824
593,B55,Story5,Beam,W24X76,steel design,24,76,nominal,1824
594,B56,Story5,Beam,W24X76,steel design,24,76,nominal,1824
595,B57,Story5,Beam,W24X76,steel design,24,76,nominal,1824
596,B58,Story5,Beam,W24X76,steel design,24,76,nominal,1824
597,B59,Story5,Beam,W24X76,steel design,24,76,nominal,1824
598,B60,Story5,Beam,W24X76,steel design,24,76,nominal,1824
599,B61,Story5,Beam,W24X76,steel design,24,76,nominal,1824
600,B62,Story5,Beam,W24X76,steel design,24,76,nominal,1824
601,B63,Story5,Beam,W24X76,steel design,24,76,nominal,1824
602,B64,Story5,Beam,W24X68,steel design,24,68,nominal,1632
603,B65,Story5,Beam,W24X68,steel design,24,68,nominal,1632
604,B66,Story5,Beam,W24X68,steel design,24,68,nominal,1632
605,B67,Story5,Beam,W24X68,steel design,24,68,nominal,1632
606,B68,Story5,Beam,W24X68,steel design,24,68,nominal,1632
607,B69,Story5,Beam,W24X68,steel design,24,68,nominal,1632
608,B70,Story5,Beam,W24X68,steel design,24,68,nominal,1632
609,B71,Story5,Beam,W24X55,steel design,24,55,nominal,1320
610,B72,Story5,Beam,W24X55,steel design,24,55,nominal,1320
611,B73,Story5,Beam,W24X55,steel design,24,55,nominal,1320
612,B74,Story5,Beam,W24X55,steel design,24,55,nominal,1320
613,B75,Story5,Beam,W24X76,steel design,24,76,nominal,1824
614,B76,Story5,Beam,W24X55,steel design,24,55,nominal,1320
615,B77,Story5,Beam,W24X55,steel design,24,55,nominal,1320
616,B78,Story5,Beam,W24X68,steel design,24,68,nominal,1632
617,B79,Story5,Beam,W24X55,steel design,24,55,nominal,1320
618,B80,Story5,Beam,W24X55,steel design,24,55,nominal,1320
619,B81,Story5,Beam,W24X68,steel design,24,68,nominal,1632
620,B82,Story5,Beam,W24X55,steel design,24,55,nominal,1320
621,B83,Story5,Beam,W24X55,steel design,24,55,nominal,1320
622,B84,Story5,Beam,W24X68,steel design,24,68,nominal,1632
623,B85,Story5,Beam,W24X55,steel design,24,55,nominal,1320
624,B86,Story5,Beam,W24X55,steel design,24,55,nominal,1320
625,B87,Story5,Beam,W24X68,steel design,24,68,nominal,1632
626,B88,Story5,Beam,W24X55,steel design,24,55,nominal,1320
627,B89,Story5,Beam,W24X55,steel design,24,55,nominal,1320
628,B90,Story5,Beam,W24X76,steel design,24,76,nominal,1824
629,B91,Story5,Beam,W24X55,steel design,24,55,nominal,1320
630,B92,Story5,Beam,W24X55,steel design,24,55,nominal,1320
631,B93,Story5,Beam,W24X55,steel design,24,55,nominal,1320
632,B94,Story5,Beam,W24X55,steel design,24,55,nominal,1320
633,B43,Story4,Beam,W24X68,steel design,24,68,nominal,1632
634,B44,Story4,Beam,W24X68,steel design,24,68,nominal,1632
635,B45,Story4,Beam,W24X68,steel design,24,68,nominal,1632
636,B46,Story4,Beam,W24X68,steel design,24,68,nominal,1632
637,B47,Story4,Beam,W24X68,steel design,24,68,nominal,1632
638,B48,Story4,Beam,W24X68,steel design,24,68,nominal,1632
639,B49,Story4,Beam,W24X68,steel design,24,68,nominal,1632
640,B50,Story4,Beam,W24X76,steel design,24,76,nominal,1824
641,B51,Story4,Beam,W24X76,steel design,24,76,nominal,1824
642,B52,Story4,Beam,W24X76,steel design,24,76,nominal,1824
643,B53,Story4,Beam,W24X76,steel design,24,76,nominal,1824
644,B54,Story4,Beam,W24X76,steel design,24,76,nominal,1824
645,B55,Story4,Beam,W24X76,steel design,24,76,nominal,1824
646,B56,Story4,Beam,W24X76,steel design,24,76,nominal,1824
647,B57,Story4,Beam,W24X76,steel design,24,76,nominal,1824
648,B58,Story4,Beam,W24X76,steel design,24,76,nominal,1824
649,B59,Story4,Beam,W24X76,steel design,24,76,nominal,1824
650,B60,Story4,Beam,W24X76,steel design,24,76,nominal,1824
651,B61,Story4,Beam,W24X76,steel design,24,76,nominal,1824
652,B62,Story4,Beam,W24X76,steel design,24,76,nominal,1824
653,B63,Story4,Beam,W24X76,steel design,24,76,nominal,1824
654,B64,Story4,Beam,W24X68,steel design,24,68,nominal,1632
655,B65,Story4,Beam,W24X68,steel design,24,68,nominal,1632
656,B66,Story4,Beam,W24X68,steel design,24,68,nominal,1632
657,B67,Story4,Beam,W24X68,steel design,24,68,nominal,1632
658,B68,Story4,Beam,W24X68,steel design,24,68,nominal,1632
659,B69,Story4,Beam,W24X68,steel design,24,68,nominal,1632
660,B70,Story4,Beam,W24X68,steel design,24,68,nominal,1632
661,B71,Story4,Beam,W24X55,steel design,24,55,nominal,1320
662,B72,Story4,Beam,W24X55,steel design,24,55,nominal,1320
663,B73,Story4,Beam,W24X55,steel design,24,55,nominal,1320
664,B74,Story4,Beam,W24X62,steel design,24,62,nominal,1488
665,B75,Story4,Beam,W24X76,steel design,24,76,nominal,1824
666,B76,Story4,Beam,W24X62,steel design,24,62,nominal,1488
667,B77,Story4,Beam,W24X62,steel design,24,62,nominal,1488
668,B78,Story4,Beam,W24X76,steel design,24,76,nominal,1824
669,B79,Story4,Beam,W24X62,steel design,24,62,nominal,1488
670,B80,Story4,Beam,W24X62,steel design,24,62,nominal,1488
671,B81,Story4,Beam,W24X76,steel design,24,76,nominal,1824
672,B82,Story4,Beam,W24X62,steel design,24,62,nominal,1488
673,B83,Story4,Beam,W24X62,steel design,24,62,nominal,1488
674,B84,Story4,Beam,W24X76,steel design,24,76,nominal,1824
675,B85,Story4,Beam,W24X62,steel design,24,62,nominal,1488
676,B86,Story4,Beam,W24X62,steel design,24,62,nominal,1488
677,B87,Story4,Beam,W24X76,steel design,24,76,nominal,1824
678,B88,Story4,Beam,W24X62,steel design,24,62,nominal,1488
679,B89,Story4,Beam,W24X62,steel design,24,62,nominal,1488
680,B90,Story4,Beam,W24X76,steel design,24,76,nominal,1824
681,B91,Story4,Beam,W24X62,steel design,24,62,nominal,1488
682,B92,Story4,Beam,W24X55,steel design,24,55,nominal,1320
683,B93,Story4,Beam,W24X55,steel design,24,55,nominal,1320
684,B94,Story4,Beam,W24X55,steel design,24,55,nominal,1320
685,B43,Story3,Beam,W24X68,steel design,24,68,nominal,1632
686,B44,Story3,Beam,W24X68,steel design,24,68,nominal,1632
687,B45,Story3,Beam,W24X68,steel design,24,68,nominal,1632
688,B46,Story3,Beam,W24X68,steel design,24,68,nominal,1632
689,B47,Story3,Beam,W24X68,steel design,24,68,nominal,1632
690,B48,Story3,Beam,W24X68,steel design,24,68,nominal,1632
691,B49,Story3,Beam,W24X68,steel design,24,68,nominal,1632
692,B50,Story3,Beam,W24X76,steel design,24,76,nominal,1824
693,B51,Story3,Beam,W24X84,steel design,24,84,nominal,2016
694,B52,Story3,Beam,W24X84,steel design,24,84,nominal,2016
695,B53,Story3,Beam,W24X84,steel design,24,84,nominal,2016
696,B54,Story3,Beam,W24X84,steel design,24,84,nominal,2016
697,B55,Story3,Beam,W24X84,steel design,24,84,nominal,2016
698,B56,Story3,Beam,W24X76,steel design,24,76,nominal,1824
699,B57,Story3,Beam,W24X76,steel design,24,76,nominal,1824
700,B58,Story3,Beam,W24X84,steel design,24,84,nominal,2016
701,B59,Story3,Beam,W24X84,steel design,24,84,nominal,2016
702,B60,Story3,Beam,W24X84,steel design,24,84,nominal,2016
703,B61,Story3,Beam,W24X84,steel design,24,84,nominal,2016
704,B62,Story3,Beam,W24X84,steel design,24,84,nominal,2016
705,B63,Story3,Beam,W24X76,steel design,24,76,nominal,1824
706,B64,Story3,Beam,W24X68,steel design,24,68,nominal,1632
707,B65,Story3,Beam,W24X68,steel design,24,68,nominal,1632
708,B66,Story3,Beam,W24X68,steel design,24,68,nominal,1632
709,B67,Story3,Beam,W24X68,steel design,24,68,nominal,1632
710,B68,Story3,Beam,W24X68,steel design,24,68,nominal,1632
711,B69,Story3,Beam,W24X68,steel design,24,68,nominal,1632
712,B70,Story3,Beam,W24X68,steel design,24,68,nominal,1632
713,B71,Story3,Beam,W24X55,steel design,24,55,nominal,1320
714,B72,Story3,Beam,W24X62,steel design,24,62,nominal,1488
715,B73,Story3,Beam,W24X55,steel design,24,55,nominal,1320
716,B74,Story3,Beam,W24X62,steel design,24,62,nominal,1488
717,B75,Story3,Beam,W24X84,steel design,24,84,nominal,2016
718,B76,Story3,Beam,W24X62,steel design,24,62,nominal,1488
719,B77,Story3,Beam,W24X62,steel design,24,62,nominal,1488
720,B78,Story3,Beam,W24X84,steel design,24,84,nominal,2016
721,B79,Story3,Beam,W24X62,steel design,24,62,nominal,1488
722,B80,Story3,Beam,W24X62,steel design,24,62,nominal,1488
723,B81,Story3,Beam,W24X84,steel design,24,84,nominal,2016
724,B82,Story3,Beam,W24X62,steel design,24,62,nominal,1488
725,B83,Story3,Beam,W24X62,steel design,24,62,nominal,1488
726,B84,Story3,Beam,W24X84,steel design,24,84,nominal,2016
727,B85,Story3,Beam,W24X62,steel design,24,62,nominal,1488
728,B86,Story3,Beam,W24X62,steel design,24,62,nominal,1488
729,B87,Story3,Beam,W24X84,steel design,24,84,nominal,2016
730,B88,Story3,Beam,W24X62,steel design,24,62,nominal,1488
731,B89,Story3,Beam,W24X62,steel design,24,62,nominal,1488
732,B90,Story3,Beam,W24X84,steel design,24,84,nominal,2016
733,B91,Story3,Beam,W24X62,steel design,24,62,nominal,1488
734,B92,Story3,Beam,W24X55,steel design,24,55,nominal,1320
735,B93,Story3,Beam,W24X62,steel design,24,62,nominal,1488
736,B94,Story3,Beam,W24X55,steel design,24,55,nominal,1320
737,B43,Story2,Beam,W24X68,steel design,24,68,nominal,1632
738,B44,Story2,Beam,W24X68,steel design,24,68,nominal,1632
739,B45,Story2,Beam,W24X68,steel design,24,68,nominal,1632
740,B46,Story2,Beam,W24X68,steel design,24,68,nominal,1632
741,B47,Story2,Beam,W24X68,steel design,24,68,nominal,1632
742,B48,Story2,Beam,W24X68,steel design,24,68,nominal,1632
743,B49,Story2,Beam,W24X68,steel design,24,68,nominal,1632
744,B50,Story2,Beam,W24X84,steel design,24,84,nominal,2016
745,B51,Story2,Beam,W24X84,steel design,24,84,nominal,2016
746,B52,Story2,Beam,W24X84,steel design,24,84,nominal,2016
747,B53,Story2,Beam,W24X84,steel design,24,84,nominal,2016
748,B54,Story2,Beam,W24X84,steel design,24,84,nominal,2016
749,B55,Story2,Beam,W24X84,steel design,24,84,nominal,2016
750,B56,Story2,Beam,W24X84,steel design,24,84,nominal,2016
751,B57,Story2,Beam,W24X84,steel design,24,84,nominal,2016
752,B58,Story2,Beam,W24X84,steel design,24,84,nominal,2016
753,B59,Story2,Beam,W24X84,steel design,24,84,nominal,2016
754,B60,Story2,Beam,W24X84,steel design,24,84,nominal,2016
755,B61,Story2,Beam,W24X84,steel design,24,84,nominal,2016
756,B62,Story2,Beam,W24X84,steel design,24,84,nominal,2016
757,B63,Story2,Beam,W24X84,steel design,24,84,nominal,2016
758,B64,Story2,Beam,W24X68,steel design,24,68,nominal,1632
759,B65,Story2,Beam,W24X68,steel design,24,68,nominal,1632
760,B66,Story2,Beam,W24X68,steel design,24,68,nominal,1632
761,B67,Story2,Beam,W24X68,steel design,24,68,nominal,1632
762,B68,Story2,Beam,W24X68,steel design,24,68,nominal,1632
763,B69,Story2,Beam,W24X68,steel design,24,68,nominal,1632
764,B70,Story2,Beam,W24X68,steel design,24,68,nominal,1632
765,B71,Story2,Beam,W24X55,steel design,24,55,nominal,1320
766,B72,Story2,Beam,W24X68,steel design,24,68,nominal,1632
767,B73,Story2,Beam,W24X55,steel design,24,55,nominal,1320
768,B74,Story2,Beam,W24X62,steel design,24,62,nominal,1488
769,B75,Story2,Beam,W24X84,steel design,24,84,nominal,2016
770,B76,Story2,Beam,W24X62,steel design,24,62,nominal,1488
771,B77,Story2,Beam,W24X62,steel design,24,62,nominal,1488
772,B78,Story2,Beam,W24X84,steel design,24,84,nominal,2016
773,B79,Story2,Beam,W24X62,steel design,24,62,nominal,1488
774,B80,Story2,Beam,W24X62,steel design,24,62,nominal,1488
775,B81,Story2,Beam,W24X84,steel design,24,84,nominal,2016
776,B82,Story2,Beam,W24X62,steel design,24,62,nominal,1488
777,B83,Story2,Beam,W24X62,steel design,24,62,nominal,1488
778,B84,Story2,Beam,W24X84,steel design,24,84,nominal,2016
779,B85,Story2,Beam,W24X62,steel design,24,62,nominal,1488
780,B86,Story2,Beam,W24X62,steel design,24,62,nominal,1488
781,B87,Story2,Beam,W24X84,steel design,24,84,nominal,2016
782,B88,Story2,Beam,W24X62,steel design,24,62,nominal,1488
783,B89,Story2,Beam,W24X62,steel design,24,62,nominal,1488
784,B90,Story2,Beam,W24X84,steel design,24,84,nominal,2016
785,B91,Story2,Beam,W24X62,steel design,24,62,nominal,1488
786,B92,Story2,Beam,W24X55,steel design,24,55,nominal,1320
787,B93,Story2,Beam,W24X68,steel design,24,68,nominal,1632
788,B94,Story2,Beam,W24X55,steel design,24,55,nominal,1320
789,B43,Story1,Beam,W24X68,steel design,24,68,nominal,1632
790,B44,Story1,Beam,W24X68,steel design,24,68,nominal,1632
791,B45,Story1,Beam,W24X68,steel design,24,68,nominal,1632
792,B46,Story1,Beam,W24X68,steel design,24,68,nominal,1632
793,B47,Story1,Beam,W24X68,steel design,24,68,nominal,1632
794,B48,Story1,Beam,W24X68,steel design,24,68,nominal,1632
795,B49,Story1,Beam,W24X68,steel design,24,68,nominal,1632
796,B50,Story1,Beam,W24X84,steel design,24,84,nominal,2016
797,B51,Story1,Beam,W24X94,steel design,24,94,nominal,2256
798,B52,Story1,Beam,W24X94,steel design,24,94,nominal,2256
799,B53,Story1,Beam,W24X94,steel design,24,94,nominal,2256
800,B54,Story1,Beam,W24X94,steel design,24,94,nominal,2256
801,B55,Story1,Beam,W24X94,steel design,24,94,nominal,2256
802,B56,Story1,Beam,W24X84,steel design,24,84,nominal,2016
803,B57,Story1,Beam,W24X84,steel design,24,84,nominal,2016
804,B58,Story1,Beam,W24X94,steel design,24,94,nominal,2256
805,B59,Story1,Beam,W24X94,steel design,24,94,nominal,2256
806,B60,Story1,Beam,W24X94,steel design,24,94,nominal,2256
807,B61,Story1,Beam,W24X94,steel design,24,94,nominal,2256
808,B62,Story1,Beam,W24X94,steel design,24,94,nominal,2256
809,B63,Story1,Beam,W24X84,steel design,24,84,nominal,2016
810,B64,Story1,Beam,W24X68,steel design,24,68,nominal,1632
811,B65,Story1,Beam,W24X68,steel design,24,68,nominal,1632
812,B66,Story1,Beam,W24X68,steel design,24,68,nominal,1632
813,B67,Story1,Beam,W24X68,steel design,24,68,nominal,1632
814,B68,Story1,Beam,W24X68,steel design,24,68,nominal,1632
815,B69,Story1,Beam,W24X68,steel design,24,68,nominal,1632
816,B70,Story1,Beam,W24X68,steel design,24,68,nominal,1632
817,B71,Story1,Beam,W24X55,steel design,24,55,nominal,1320
818,B72,Story1,Beam,W24X62,steel design,24,62,nominal,1488
819,B73,Story1,Beam,W24X55,steel design,24,55,nominal,1320
820,B74,Story1,Beam,W24X62,steel design,24,62,nominal,1488
821,B75,Story1,Beam,W24X84,steel design,24,84,nominal,2016
822,B76,Story1,Beam,W24X62,steel design,24,62,nominal,1488
823,B77,Story1,Beam,W24X62,steel design,24,62,nominal,1488
824,B78,Story1,Beam,W24X84,steel design,24,84,nominal,2016
825,B79,Story1,Beam,W24X62,steel design,24,62,nominal,1488
826,B80,Story1,Beam,W24X62,steel design,24,62,nominal,1488
827,B81,Story1,Beam,W24X84,steel design,24,84,nominal,2016
828,B82,Story1,Beam,W24X62,steel design,24,62,nominal,1488
829,B83,Story1,Beam,W24X62,steel design,24,62,nominal,1488
830,B84,Story1,Beam,W24X84,steel design,24,84,nominal,2016
831,B85,Story1,Beam,W24X62,steel design,24,62,nominal,1488
832,B86,Story1,Beam,W24X62,steel design,24,62,nominal,1488
833,B87,Story1,Beam,W24X84,steel design,24,84,nominal,2016
834,B88,Story1,Beam,W24X62,steel design,24,62,nominal,1488
835,B89,Story1,Beam,W24X62,steel design,24,62,nominal,1488
836,B90,Story1,Beam,W24X84,steel design,24,84,nominal,2016
837,B91,Story1,Beam,W24X62,steel design,24,62,nominal,1488
838,B92,Story1,Beam,W24X55,steel design,24,55,nominal,1320
839,B93,Story1,Beam,W24X62,steel design,24,62,nominal,1488
840,B94,Story1,Beam,W24X55,steel design,24,55,nominal,1320
841,B1,Story10,Beam,W24X55,analysis,24,55,nominal,1320
842,B2,Story10,Beam,W24X55,analysis,24,55,nominal,1320
843,B3,Story10,Beam,W24X55,analysis,24,55,nominal,1320
844,B4,Story10,Beam,W24X55,analysis,24,55,nominal,1320
845,B5,Story10,Beam,W24X55,analysis,24,55,nominal,1320
846,B6,Story10,Beam,W24X55,analysis,24,55,nominal,1320
847,B7,Story10,Beam,W24X55,analysis,24,55,nominal,1320
848,B8,Story10,Beam,W24X55,analysis,24,55,nominal,1320
849,B9,Story10,Beam,W24X55,analysis,24,55,nominal,1320
850,B10,Story10,Beam,W24X55,analysis,24,55,nominal,1320
851,B11,Story10,Beam,W24X55,analysis,24,55,nominal,1320
852,B12,Story10,Beam,W24X55,analysis,24,55,nominal,1320
853,B13,Story10,Beam,W24X55,analysis,24,55,nominal,1320
854,B14,Story10,Beam,W24X55,analysis,24,55,nominal,1320
855,B15,Story10,Beam,W24X55,analysis,24,55,nominal,1320
856,B16,Story10,Beam,W24X55,analysis,24,55,nominal,1320
857,B17,Story10,Beam,W24X55,analysis,24,55,nominal,1320
858,B18,Story10,Beam,W24X55,analysis,24,55,nominal,1320
859,B19,Story10,Beam,W24X55,analysis,24,55,nominal,1320
860,B20,Story10,Beam,W24X55,analysis,24,55,nominal,1320
861,B21,Story10,Beam,W24X55,analysis,24,55,nominal,1320
862,B22,Story10,Beam,W24X55,analysis,24,55,nominal,1320
863,B23,Story10,Beam,W24X55,analysis,24,55,nominal,1320
864,B24,Story10,Beam,W24X55,analysis,24,55,nominal,1320
865,B25,Story10,Beam,W24X55,analysis,24,55,nominal,1320
866,B26,Story10,Beam,W24X55,analysis,24,55,nominal,1320
867,B27,Story10,Beam,W24X55,analysis,24,55,nominal,1320
868,B28,Story10,Beam,W24X55,analysis,24,55,nominal,1320
869,B29,Story10,Beam,W24X55,analysis,24,55,nominal,1320
870,B30,Story10,Beam,W24X55,analysis,24,55,nominal,1320
871,B31,Story10,Beam,W24X55,analysis,24,55,nominal,1320
872,B32,Story10,Beam,W24X55,analysis,24,55,nominal,1320
873,B33,Story10,Beam,W24X55,analysis,24,55,nominal,1320
874,B34,Story10,Beam,W24X55,analysis,24,55,nominal,1320
875,B35,Story10,Beam,W24X55,analysis,24,55,nominal,1320
876,B36,Story10,Beam,W24X55,analysis,24,55,nominal,1320
877,B37,Story10,Beam,W24X55,analysis,24,55,nominal,1320
878,B38,Story10,Beam,W24X55,analysis,24,55,nominal,1320
879,B39,Story10,Beam,W24X55,analysis,24,55,nominal,1320
880,B40,Story10,Beam,W24X55,analysis,24,55,nominal,1320
881,B41,Story10,Beam,W24X55,analysis,24,55,nominal,1320
882,B42,Story10,Beam,W24X55,analysis,24,55,nominal,1320
883,B1,Story9,Beam,W24X55,analysis,24,55,nominal,1320
884,B2,Story9,Beam,W24X55,analysis,24,55,nominal,1320
885,B3,Story9,Beam,W24X55,analysis,24,55,nominal,1320
886,B4,Story9,Beam,W24X55,analysis,24,55,nominal,1320
887,B5,Story9,Beam,W24X55,analysis,24,55,nominal,1320
888,B6,Story9,Beam,W24X55,analysis,24,55,nominal,1320
889,B7,Story9,Beam,W24X55,analysis,24,55,nominal,1320
890,B8,Story9,Beam,W24X55,analysis,24,55,nominal,1320
891,B9,Story9,Beam,W24X55,analysis,24,55,nominal,1320
892,B10,Story9,Beam,W24X55,analysis,24,55,nominal,1320
893,B11,Story9,Beam,W24X55,analysis,24,55,nominal,1320
894,B12,Story9,Beam,W24X55,analysis,24,55,nominal,1320
895,B13,Story9,Beam,W24X55,analysis,24,55,nominal,1320
896,B14,Story9,Beam,W24X55,analysis,24,55,nominal,1320
897,B15,Story9,Beam,W24X55,analysis,24,55,nominal,1320
898,B16,Story9,Beam,W24X55,analysis,24,55,nominal,1320
899,B17,Story9,Beam,W24X55,analysis,24,55,nominal,1320
900,B18,Story9,Beam,W24X55,analysis,24,55,nominal,1320
901,B19,Story9,Beam,W24X55,analysis,24,55,nominal,1320
902,B20,Story9,Beam,W24X55,analysis,24,55,nominal,1320
903,B21,Story9,Beam,W24X55,analysis,24,55,nominal,1320
904,B22,Story9,Beam,W24X55,analysis,24,55,nominal,1320
905,B23,Story9,Beam,W24X55,analysis,24,55,nominal,1320
906,B24,Story9,Beam,W24X55,analysis,24,55,nominal,1320
907,B25,Story9,Beam,W24X55,analysis,24,55,nominal,1320
908,B26,Story9,Beam,W24X55,analysis,24,55,nominal,1320
909,B27,Story9,Beam,W24X55,analysis,24,55,nominal,1320
910,B28,Story9,Beam,W24X55,analysis,24,55,nominal,1320
911,B29,Story9,Beam,W24X55,analysis,24,55,nominal,1320
912,B30,Story9,Beam,W24X55,analysis,24,55,nominal,1320
913,B31,Story9,Beam,W24X55,analysis,24,55,nominal,1320
914,B32,Story9,Beam,W24X55,analysis,24,55,nominal,1320
915,B33,Story9,Beam,W24X55,analysis,24,55,nominal,1320
916,B34,Story9,Beam,W24X55,analysis,24,55,nominal,1320
917,B35,Story9,Beam,W24X55,analysis,24,55,nominal,1320
918,B36,Story9,Beam,W24X55,analysis,24,55,nominal,1320
919,B37,Story9,Beam,W24X55,analysis,24,55,nominal,1320
920,B38,Story9,Beam,W24X55,analysis,24,55,nominal,1320
921,B39,Story9,Beam,W24X55,analysis,24,55,nominal,1320
922,B40,Story9,Beam,W24X55,analysis,24,55,nominal,1320
923,B41,Story9,Beam,W24X55,analysis,24,55,nominal,1320
924,B42,Story9,Beam,W24X55,analysis,24,55,nominal,1320
925,B1,Story8,Beam,W24X55,analysis,24,55,nominal,1320
926,B2,Story8,Beam,W24X55,analysis,24,55,nominal,1320
927,B3,Story8,Beam,W24X55,analysis,24,55,nominal,1320
928,B4,Story8,Beam,W24X55,analysis,24,55,nominal,1320
929,B5,Story8,Beam,W24X55,analysis,24,55,nominal,1320
930,B6,Story8,Beam,W24X55,analysis,24,55,nominal,1320
931,B7,Story8,Beam,W24X55,analysis,24,55,nominal,1320
932,B8,Story8,Beam,W24X55,analysis,24,55,nominal,1320
933,B9,Story8,Beam,W24X55,analysis,24,55,nominal,1320
934,B10,Story8,Beam,W24X55,analysis,24,55,nominal,1320
935,B11,Story8,Beam,W24X55,analysis,24,55,nominal,1320
936,B12,Story8,Beam,W24X55,analysis,24,55,nominal,1320
937,B13,Story8,Beam,W24X55,analysis,24,55,nominal,1320
938,B14,Story8,Beam,W24X55,analysis,24,55,nominal,1320
939,B15,Story8,Beam,W24X55,analysis,24,55,nominal,1320
940,B16,Story8,Beam,W24X55,analysis,24,55,nominal,1320
941,B17,Story8,Beam,W24X55,analysis,24,55,nominal,1320
942,B18,Story8,Beam,W24X55,analysis,24,55,nominal,1320
943,B19,Story8,Beam,W24X55,analysis,24,55,nominal,1320
944,B20,Story8,Beam,W24X55,analysis,24,55,nominal,1320
945,B21,Story8,Beam,W24X55,analysis,24,55,nominal,1320
946,B22,Story8,Beam,W24X55,analysis,24,55,nominal,1320
947,B23,Story8,Beam,W24X55,analysis,24,55,nominal,1320
948,B24,Story8,Beam,W24X55,analysis,24,55,nominal,1320
949,B25,Story8,Beam,W24X55,analysis,24,55,nominal,1320
950,B26,Story8,Beam,W24X55,analysis,24,55,nominal,1320
951,B27,Story8,Beam,W24X55,analysis,24,55,nominal,1320
952,B28,Story8,Beam,W24X55,analysis,24,55,nominal,1320
953,B29,Story8,Beam,W24X55,analysis,24,55,nominal,1320
954,B30,Story8,Beam,W24X55,analysis,24,55,nominal,1320
955,B31,Story8,Beam,W24X55,analysis,24,55,nominal,1320
956,B32,Story8,Beam,W24X55,analysis,24,55,nominal,1320
957,B33,Story8,Beam,W24X55,analysis,24,55,nominal,1320
958,B34,Story8,Beam,W24X55,analysis,24,55,nominal,1320
959,B35,Story8,Beam,W24X55,analysis,24,55,nominal,1320
960,B36,Story8,Beam,W24X55,analysis,24,55,nominal,1320
961,B37,Story8,Beam,W24X55,analysis,24,55,nominal,1320
962,B38,Story8,Beam,W24X55,analysis,24,55,nominal,1320
963,B39,Story8,Beam,W24X55,analysis,24,55,nominal,1320
964,B40,Story8,Beam,W24X55,analysis,24,55,nominal,1320
965,B41,Story8,Beam,W24X55,analysis,24,55,nominal,1320
966,B42,Story8,Beam,W24X55,analysis,24,55,nominal,1320
967,B1,Story7,Beam,W24X55,analysis,24,55,nominal,1320
968,B2,Story7,Beam,W24X55,analysis,24,55,nominal,1320
969,B3,Story7,Beam,W24X55,analysis,24,55,nominal,1320
970,B4,Story7,Beam,W24X55,analysis,24,55,nominal,1320
971,B5,Story7,Beam,W24X55,analysis,24,55,nominal,1320
972,B6,Story7,Beam,W24X55,analysis,24,55,nominal,1320
973,B7,Story7,Beam,W24X55,analysis,24,55,nominal,1320
974,B8,Story7,Beam,W24X55,analysis,24,55,nominal,1320
975,B9,Story7,Beam,W24X55,analysis,24,55,nominal,1320
976,B10,Story7,Beam,W24X55,analysis,24,55,nominal,1320
977,B11,Story7,Beam,W24X55,analysis,24,55,nominal,1320
978,B12,Story7,Beam,W24X55,analysis,24,55,nominal,1320
979,B13,Story7,Beam,W24X55,analysis,24,55,nominal,1320
980,B14,Story7,Beam,W24X55,analysis,24,55,nominal,1320
981,B15,Story7,Beam,W24X55,analysis,24,55,nominal,1320
982,B16,Story7,Beam,W24X55,analysis,24,55,nominal,1320
983,B17,Story7,Beam,W24X55,analysis,24,55,nominal,1320
984,B18,Story7,Beam,W24X55,analysis,24,55,nominal,1320
985,B19,Story7,Beam,W24X55,analysis,24,55,nominal,1320
986,B20,Story7,Beam,W24X55,analysis,24,55,nominal,1320
987,B21,Story7,Beam,W24X55,analysis,24,55,nominal,1320
988,B22,Story7,Beam,W24X55,analysis,24,55,nominal,1320
989,B23,Story7,Beam,W24X55,analysis,24,55,nominal,1320
990,B24,Story7,Beam,W24X55,analysis,24,55,nominal,1320
991,B25,Story7,Beam,W24X55,analysis,24,55,nominal,1320
992,B26,Story7,Beam,W24X55,analysis,24,55,nominal,1320
993,B27,Story7,Beam,W24X55,analysis,24,55,nominal,1320
994,B28,Story7,Beam,W24X55,analysis,24,55,nominal,1320
995,B29,Story7,Beam,W24X55,analysis,24,55,nominal,1320
996,B30,Story7,Beam,W24X55,analysis,24,55,nominal,1320
997,B31,Story7,Beam,W24X55,analysis,24,55,nominal,1320
998,B32,Story7,Beam,W24X55,analysis,24,55,nominal,1320
999,B33,Story7,Beam,W24X55,analysis,24,55,nominal,1320
1000,B34,Story7,Beam,W24X55,analysis,24,55,nominal,1320
1001,B35,Story7,Beam,W24X55,analysis,24,55,nominal,1320
1002,B36,Story7,Beam,W24X55,analysis,24,55,nominal,1320
1003,B37,Story7,Beam,W24X55,analysis,24,55,nominal,1320
1004,B38,Story7,Beam,W24X55,analysis,24,55,nominal,1320
1005,B39,Story7,Beam,W24X55,analysis,24,55,nominal,1320
1006,B40,Story7,Beam,W24X55,analysis,24,55,nominal,1320
1007,B41,Story7,Beam,W24X55,analysis,24,55,nominal,1320
1008,B42,Story7,Beam,W24X55,analysis,24,55,nominal,1320
1009,B1,Story6,Beam,W24X55,analysis,24,55,nominal,1320
1010,B2,Story6,Beam,W24X55,analysis,24,55,nominal,1320
1011,B3,Story6,Beam,W24X55,analysis,24,55,nominal,1320
1012,B4,Story6,Beam,W24X55,analysis,24,55,nominal,1320
1013,B5,Story6,Beam,W24X55,analysis,24,55,nominal,1320
1014,B6,Story6,Beam,W24X55,analysis,24,55,nominal,1320
1015,B7,Story6,Beam,W24X55,analysis,24,55,nominal,1320
1016,B8,Story6,Beam,W24X55,analysis,24,55,nominal,1320
1017,B9,Story6,Beam,W24X55,analysis,24,55,nominal,1320
1018,B10,Story6,Beam,W24X55,analysis,24,55,nominal,1320
1019,B11,Story6,Beam,W24X55,analysis,24,55,nominal,1320
1020,B12,Story6,Beam,W24X55,analysis,24,55,nominal,1320
1021,B13,Story6,Beam,W24X55,analysis,24,55,nominal,1320
1022,B14,Story6,Beam,W24X55,analysis,24,55,nominal,1320
1023,B15,Story6,Beam,W24X55,analysis,24,55,nominal,1320
1024,B16,Story6,Beam,W24X55,analysis,24,55,nominal,1320
1025,B17,Story6,Beam,W24X55,analysis,24,55,nominal,1320
1026,B18,Story6,Beam,W24X55,analysis,24,55,nominal,1320
1027,B19,Story6,Beam,W24X55,analysis,24,55,nominal,1320
1028,B20,Story6,Beam,W24X55,analysis,24,55,nominal,1320
1029,B21,Story6,Beam,W24X55,analysis,24,55,nominal,1320
1030,B22,Story6,Beam,W24X55,analysis,24,55,nominal,1320
1031,B23,Story6,Beam,W24X55,analysis,24,55,nominal,1320
1032,B24,Story6,Beam,W24X55,analysis,24,55,nominal,1320
1033,B25,Story6,Beam,W24X55,analysis,24,55,nominal,1320
1034,B26,Story6,Beam,W24X55,analysis,24,55,nominal,1320
1035,B27,Story6,Beam,W24X55,analysis,24,55,nominal,1320
1036,B28,Story6,Beam,W24X55,analysis,24,55,nominal,1320
1037,B29,Story6,Beam,W24X55,analysis,24,55,nominal,1320
1038,B30,Story6,Beam,W24X55,analysis,24,55,nominal,1320
1039,B31,Story6,Beam,W24X55,analysis,24,55,nominal,1320
1040,B32,Story6,Beam,W24X55,analysis,24,55,nominal,1320
1041,B33,Story6,Beam,W24X55,analysis,24,55,nominal,1320
1042,B34,Story6,Beam,W24X55,analysis,24,55,nominal,1320
1043,B35,Story6,Beam,W24X55,analysis,24,55,nominal,1320
1044,B36,Story6,Beam,W24X55,analysis,24,55,nominal,1320
1045,B37,Story6,Beam,W24X55,analysis,24,55,nominal,1320
1046,B38,Story6,Beam,W24X55,analysis,24,55,nominal,1320
1047,B39,Story6,Beam,W24X55,analysis,24,55,nominal,1320
1048,B40,Story6,Beam,W24X55,analysis,24,55,nominal,1320
1049,B41,Story6,Beam,W24X55,analysis,24,55,nominal,1320
1050,B42,Story6,Beam,W24X55,analysis,24,55,nominal,1320
1051,B1,Story5,Beam,W24X55,analysis,24,55,nominal,1320
1052,B2,Story5,Beam,W24X55,analysis,24,55,nominal,1320
1053,B3,Story5,Beam,W24X55,analysis,24,55,nominal,1320
1054,B4,Story5,Beam,W24X55,analysis,24,55,nominal,1320
1055,B5,Story5,Beam,W24X55,analysis,24,55,nominal,1320
1056,B6,Story5,Beam,W24X55,analysis,24,55,nominal,1320
1057,B7,Story5,Beam,W24X55,analysis,24,55,nominal,1320
1058,B8,Story5,Beam,W24X55,analysis,24,55,nominal,1320
1059,B9,Story5,Beam,W24X55,analysis,24,55,nominal,1320
1060,B10,Story5,Beam,W24X55,analysis,24,55,nominal,1320
1061,B11,Story5,Beam,W24X55,analysis,24,55,nominal,1320
1062,B12,Story5,Beam,W24X55,analysis,24,55,nominal,1320
1063,B13,Story5,Beam,W24X55,analysis,24,55,nominal,1320
1064,B14,Story5,Beam,W24X55,analysis,24,55,nominal,1320
1065,B15,Story5,Beam,W24X55,analysis,24,55,nominal,1320
1066,B16,Story5,Beam,W24X55,analysis,24,55,nominal,1320
1067,B17,Story5,Beam,W24X55,analysis,24,55,nominal,1320
1068,B18,Story5,Beam,W24X55,analysis,24,55,nominal,1320
1069,B19,Story5,Beam,W24X55,analysis,24,55,nominal,1320
1070,B20,Story5,Beam,W24X55,analysis,24,55,nominal,1320
1071,B21,Story5,Beam,W24X55,analysis,24,55,nominal,1320
1072,B22,Story5,Beam,W24X55,analysis,24,55,nominal,1320
1073,B23,Story5,Beam,W24X55,analysis,24,55,nominal,1320
1074,B24,Story5,Beam,W24X55,analysis,24,55,nominal,1320
1075,B25,Story5,Beam,W24X55,analysis,24,55,nominal,1320
1076,B26,Story5,Beam,W24X55,analysis,24,55,nominal,1320
1077,B27,Story5,Beam,W24X55,analysis,24,55,nominal,1320
1078,B28,Story5,Beam,W24X55,analysis,24,55,nominal,1320
1079,B29,Story5,Beam,W24X55,analysis,24,55,nominal,1320
1080,B30,Story5,Beam,W24X55,analysis,24,55,nominal,1320
1081,B31,Story5,Beam,W24X55,analysis,24,55,nominal,1320
1082,B32,Story5,Beam,W24X55,analysis,24,55,nominal,1320
1083,B33,Story5,Beam,W24X55,analysis,24,55,nominal,1320
1084,B34,Story5,Beam,W24X55,analysis,24,55,nominal,1320
1085,B35,Story5,Beam,W24X55,analysis,24,55,nominal,1320
1086,B36,Story5,Beam,W24X55,analysis,24,55,nominal,1320
1087,B37,Story5,Beam,W24X55,analysis,24,55,nominal,1320
1088,B38,Story5,Beam,W24X55,analysis,24,55,nominal,1320
1089,B39,Story5,Beam,W24X55,analysis,24,55,nominal,1320
1090,B40,Story5,Beam,W24X55,analysis,24,55,nominal,1320
1091,B41,Story5,Beam,W24X55,analysis,24,55,nominal,1320
1092,B42,Story5,Beam,W24X55,analysis,24,55,nominal,1320
1093,B1,Story4,Beam,W24X55,analysis,24,55,nominal,1320
1094,B2,Story4,Beam,W24X55,analysis,24,55,nominal,1320
1095,B3,Story4,Beam,W24X55,analysis,24,55,nominal,1320
1096,B4,Story4,Beam,W24X55,analysis,24,55,nominal,1320
1097,B5,Story4,Beam,W24X55,analysis,24,55,nominal,1320
1098,B6,Story4,Beam,W24X55,analysis,24,55,nominal,1320
1099,B7,Story4,Beam,W24X55,analysis,24,55,nominal,1320
1100,B8,Story4,Beam,W24X55,analysis,24,55,nominal,1320
1101,B9,Story4,Beam,W24X55,analysis,24,55,nominal,1320
1102,B10,Story4,Beam,W24X55,analysis,24,55,nominal,1320
1103,B11,Story4,Beam,W24X55,analysis,24,55,nominal,1320
1104,B12,Story4,Beam,W24X55,analysis,24,55,nominal,1320
1105,B13,Story4,Beam,W24X55,analysis,24,55,nominal,1320
1106,B14,Story4,Beam,W24X55,analysis,24,55,nominal,1320
1107,B15,Story4,Beam,W24X55,analysis,24,55,nominal,1320
1108,B16,Story4,Beam,W24X55,analysis,24,55,nominal,1320
1109,B17,Story4,Beam,W24X55,analysis,24,55,nominal,1320
1110,B18,Story4,Beam,W24X55,analysis,24,55,nominal,1320
1111,B19,Story4,Beam,W24X55,analysis,24,55,nominal,1320
1112,B20,Story4,Beam,W24X55,analysis,24,55,nominal,1320
1113,B21,Story4,Beam,W24X55,analysis,24,55,nominal,1320
1114,B22,Story4,Beam,W24X55,analysis,24,55,nominal,1320
1115,B23,Story4,Beam,W24X55,analysis,24,55,nominal,1320
1116,B24,Story4,Beam,W24X55,analysis,24,55,nominal,1320
1117,B25,Story4,Beam,W24X55,analysis,24,55,nominal,1320
1118,B26,Story4,Beam,W24X55,analysis,24,55,nominal,1320
1119,B27,Story4,Beam,W24X55,analysis,24,55,nominal,1320
1120,B28,Story4,Beam,W24X55,analysis,24,55,nominal,1320
1121,B29,Story4,Beam,W24X55,analysis,24,55,nominal,1320
1122,B30,Story4,Beam,W24X55,analysis,24,55,nominal,1320
1123,B31,Story4,Beam,W24X55,analysis,24,55,nominal,1320
1124,B32,Story4,Beam,W24X55,analysis,24,55,nominal,1320
1125,B33,Story4,Beam,W24X55,analysis,24,55,nominal,1320
1126,B34,Story4,Beam,W24X55,analysis,24,55,nominal,1320
1127,B35,Story4,Beam,W24X55,analysis,24,55,nominal,1320
1128,B36,Story4,Beam,W24X55,analysis,24,55,nominal,1320
1129,B37,Story4,Beam,W24X55,analysis,24,55,nominal,1320
1130,B38,Story4,Beam,W24X55,analysis,24,55,nominal,1320
1131,B39,Story4,Beam,W24X55,analysis,24,55,nominal,1320
1132,B40,Story4,Beam,W24X55,analysis,24,55,nominal,1320
1133,B41,Story4,Beam,W24X55,analysis,24,55,nominal,1320
1134,B42,Story4,Beam,W24X55,analysis,24,55,nominal,1320
1135,B1,Story3,Beam,W24X55,analysis,24,55,nominal,1320
1136,B2,Story3,Beam,W24X55,analysis,24,55,nominal,1320
1137,B3,Story3,Beam,W24X55,analysis,24,55,nominal,1320
1138,B4,Story3,Beam,W24X55,analysis,24,55,nominal,1320
1139,B5,Story3,Beam,W24X55,analysis,24,55,nominal,1320
1140,B6,Story3,Beam,W24X55,analysis,24,55,nominal,1320
1141,B7,Story3,Beam,W24X55,analysis,24,55,nominal,1320
1142,B8,Story3,Beam,W24X55,analysis,24,55,nominal,1320
1143,B9,Story3,Beam,W24X55,analysis,24,55,nominal,1320
1144,B10,Story3,Beam,W24X55,analysis,24,55,nominal,1320
1145,B11,Story3,Beam,W24X55,analysis,24,55,nominal,1320
1146,B12,Story3,Beam,W24X55,analysis,24,55,nominal,1320
1147,B13,Story3,Beam,W24X55,analysis,24,55,nominal,1320
1148,B14,Story3,Beam,W24X55,analysis,24,55,nominal,1320
1149,B15,Story3,Beam,W24X55,analysis,24,55,nominal,1320
1150,B16,Story3,Beam,W24X55,analysis,24,55,nominal,1320
1151,B17,Story3,Beam,W24X55,analysis,24,55,nominal,1320
1152,B18,Story3,Beam,W24X55,analysis,24,55,nominal,1320
1153,B19,Story3,Beam,W24X55,analysis,24,55,nominal,1320
1154,B20,Story3,Beam,W24X55,analysis,24,55,nominal,1320
1155,B21,Story3,Beam,W24X55,analysis,24,55,nominal,1320
1156,B22,Story3,Beam,W24X55,analysis,24,55,nominal,1320
1157,B23,Story3,Beam,W24X55,analysis,24,55,nominal,1320
1158,B24,Story3,Beam,W24X55,analysis,24,55,nominal,1320
1159,B25,Story3,Beam,W24X55,analysis,24,55,nominal,1320
1160,B26,Story3,Beam,W24X55,analysis,24,55,nominal,1320
1161,B27,Story3,Beam,W24X55,analysis,24,55,nominal,1320
1162,B28,Story3,Beam,W24X55,analysis,24,55,nominal,1320
1163,B29,Story3,Beam,W24X55,analysis,24,55,nominal,1320
1164,B30,Story3,Beam,W24X55,analysis,24,55,nominal,1320
1165,B31,Story3,Beam,W24X55,analysis,24,55,nominal,1320
1166,B32,Story3,Beam,W24X55,analysis,24,55,nominal,1320
1167,B33,Story3,Beam,W24X55,analysis,24,55,nominal,1320
1168,B34,Story3,Beam,W24X55,analysis,24,55,nominal,1320
1169,B35,Story3,Beam,W24X55,analysis,24,55,nominal,1320
1170,B36,Story3,Beam,W24X55,analysis,24,55,nominal,1320
1171,B37,Story3,Beam,W24X55,analysis,24,55,nominal,1320
1172,B38,Story3,Beam,W24X55,analysis,24,55,nominal,1320
1173,B39,Story3,Beam,W24X55,analysis,24,55,nominal,1320
1174,B40,Story3,Beam,W24X55,analysis,24,55,nominal,1320
1175,B41,Story3,Beam,W24X55,analysis,24,55,nominal,1320
1176,B42,Story3,Beam,W24X55,analysis,24,55,nominal,1320
1177,B1,Story2,Beam,W24X55,analysis,24,55,nominal,1320
1178,B2,Story2,Beam,W24X55,analysis,24,55,nominal,1320
1179,B3,Story2,Beam,W24X55,analysis,24,55,nominal,1320
1180,B4,Story2,Beam,W24X55,analysis,24,55,nominal,1320
1181,B5,Story2,Beam,W24X55,analysis,24,55,nominal,1320
1182,B6,Story2,Beam,W24X55,analysis,24,55,nominal,1320
1183,B7,Story2,Beam,W24X55,analysis,24,55,nominal,1320
1184,B8,Story2,Beam,W24X55,analysis,24,55,nominal,1320
1185,B9,Story2,Beam,W24X55,analysis,24,55,nominal,1320
1186,B10,Story2,Beam,W24X55,analysis,24,55,nominal,1320
1187,B11,Story2,Beam,W24X55,analysis,24,55,nominal,1320
1188,B12,Story2,Beam,W24X55,analysis,24,55,nominal,1320
1189,B13,Story2,Beam,W24X55,analysis,24,55,nominal,1320
1190,B14,Story2,Beam,W24X55,analysis,24,55,nominal,1320
1191,B15,Story2,Beam,W24X55,analysis,24,55,nominal,1320
1192,B16,Story2,Beam,W24X55,analysis,24,55,nominal,1320
1193,B17,Story2,Beam,W24X55,analysis,24,55,nominal,1320
1194,B18,Story2,Beam,W24X55,analysis,24,55,nominal,1320
1195,B19,Story2,Beam,W24X55,analysis,24,55,nominal,1320
1196,B20,Story2,Beam,W24X55,analysis,24,55,nominal,1320
1197,B21,Story2,Beam,W24X55,analysis,24,55,nominal,1320
1198,B22,Story2,Beam,W24X55,analysis,24,55,nominal,1320
1199,B23,Story2,Beam,W24X55,analysis,24,55,nominal,1320
1200,B24,Story2,Beam,W24X55,analysis,24,55,nominal,1320
1201,B25,Story2,Beam,W24X55,analysis,24,55,nominal,1320
1202,B26,Story2,Beam,W24X55,analysis,24,55,nominal,1320
1203,B27,Story2,Beam,W24X55,analysis,24,55,nominal,1320
1204,B28,Story2,Beam,W24X55,analysis,24,55,nominal,1320
1205,B29,Story2,Beam,W24X55,analysis,24,55,nominal,1320
1206,B30,Story2,Beam,W24X55,analysis,24,55,nominal,1320
1207,B31,Story2,Beam,W24X55,analysis,24,55,nominal,1320
1208,B32,Story2,Beam,W24X55,analysis,24,55,nominal,1320
1209,B33,Story2,Beam,W24X55,analysis,24,55,nominal,1320
1210,B34,Story2,Beam,W24X55,analysis,24,55,nominal,1320
1211,B35,Story2,Beam,W24X55,analysis,24,55,nominal,1320
1212,B36,Story2,Beam,W24X55,analysis,24,55,nominal,1320
1213,B37,Story2,Beam,W24X55,analysis,24,55,nominal,1320
1214,B38,Story2,Beam,W24X55,analysis,24,55,nominal,1320
1215,B39,Story2,Beam,W24X55,analysis,24,55,nominal,1320
1216,B40,Story2,Beam,W24X55,analysis,24,55,nominal,1320
1217,B41,Story2,Beam,W24X55,analysis,24,55,nominal,1320
1218,B42,Story2,Beam,W24X55,analysis,24,55,nominal,1320
1219,B1,Story1,Beam,W24X55,analysis,24,55,nominal,1320
1220,B2,Story1,Beam,W24X55,analysis,24,55,nominal,1320
1221,B3,Story1,Beam,W24X55,analysis,24,55,nominal,1320
1222,B4,Story1,Beam,W24X55,analysis,24,55,nominal,1320
1223,B5,Story1,Beam,W24X55,analysis,24,55,nominal,1320
1224,B6,Story1,Beam,W24X55,analysis,24,55,nominal,1320
1225,B7,Story1,Beam,W24X55,analysis,24,55,nominal,1320
1226,B8,Story1,Beam,W24X55,analysis,24,55,nominal,1320
1227,B9,Story1,Beam,W24X55,analysis,24,55,nominal,1320
1228,B10,Story1,Beam,W24X55,analysis,24,55,nominal,1320
1229,B11,Story1,Beam,W24X55,analysis,24,55,nominal,1320
1230,B12,Story1,Beam,W24X55,analysis,24,55,nominal,1320
1231,B13,Story1,Beam,W24X55,analysis,24,55,nominal,1320
1232,B14,Story1,Beam,W24X55,analysis,24,55,nominal,1320
1233,B15,Story1,Beam,W24X55,analysis,24,55,nominal,1320
1234,B16,Story1,Beam,W24X55,analysis,24,55,nominal,1320
1235,B17,Story1,Beam,W24X55,analysis,24,55,nominal,1320
1236,B18,Story1,Beam,W24X55,analysis,24,55,nominal,1320
1237,B19,Story1,Beam,W24X55,analysis,24,55,nominal,1320
1238,B20,Story1,Beam,W24X55,analysis,24,55,nominal,1320
1239,B21,Story1,Beam,W24X55,analysis,24,55,nominal,1320
1240,B22,Story1,Beam,W24X55,analysis,24,55,nominal,1320
1241,B23,Story1,Beam,W24X55,analysis,24,55,nominal,1320
1242,B24,Story1,Beam,W24X55,analysis,24,55,nominal,1320
1243,B25,Story1,Beam,W24X55,analysis,24,55,nominal,1320
1244,B26,Story1,Beam,W24X55,analysis,24,55,nominal,1320
1245,B27,Story1,Beam,W24X55,analysis,24,55,nominal,1320
1246,B28,Story1,Beam,W24X55,analysis,24,55,nominal,1320
1247,B29,Story1,Beam,W24X55,analysis,24,55,nominal,1320
1248,B30,Story1,Beam,W24X55,analysis,24,55,nominal,1320
1249,B31,Story1,Beam,W24X55,analysis,24,55,nominal,1320
1250,B32,Story1,Beam,W24X55,analysis,24,55,nominal,1320
1251,B33,Story1,Beam,W24X55,analysis,24,55,nominal,1320
1252,B34,Story1,Beam,W24X55,analysis,24,55,nominal,1320
1253,B35,Story1,Beam,W24X55,analysis,24,55,nominal,1320
1254,B36,Story1,Beam,W24X55,analysis,24,55,nominal,1320
1255,B37,Story1,Beam,W24X55,analysis,24,55,nominal,1320
1256,B38,Story1,Beam,W24X55,analysis,24,55,nominal,1320
1257,B39,Story1,Beam,W24X55,analysis,24,55,nominal,1320
1258,B40,Story1,Beam,W24X55,analysis,24,55,nominal,1320
1259,B41,Story1,Beam,W24X55,analysis,24,55,nominal,1320
1260,B42,Story1,Beam,W24X55,analysis,24,55,nominal,1320
